HITId,HITTypeId,Title,Description,WorkerId,UPDATE-Took-Alt-Ed-Matching
3GKAWYFRAPTSNKE4JM5ZQDS00GEPD6,3U5YKSQWQD5T7U947QR2ZMO5ZFABLR,Answer a survey about your opinions on Alternatives to College,This survey asks your opinion on alternatives to college. It's designed to take about 15 minutes.,AJRY9ALX8069Y,1
3GKAWYFRAPTSNKE4JM5ZQDS00GEPD6,3U5YKSQWQD5T7U947QR2ZMO5ZFABLR,Answer a survey about your opinions on Alternatives to College,This survey asks your opinion on alternatives to college. It's designed to take about 15 minutes.,A3HZFB2JLF3JMY,1
3GKAWYFRAPTSNKE4JM5ZQDS00GEPD6,3U5YKSQWQD5T7U947QR2ZMO5ZFABLR,Answer a survey about your opinions on Alternatives to College,This survey asks your opinion on alternatives to college. It's designed to take about 15 minutes.,A3D2GO0IFRFN6R,1
3GKAWYFRAPTSNKE4JM5ZQDS00GEPD6,3U5YKSQWQD5T7U947QR2ZMO5ZFABLR,Answer a survey about your opinions on Alternatives to College,This survey asks your opinion on alternatives to college. It's designed to take about 15 minutes.,A3NXT3OVGL7QNR,1
3GKAWYFRAPTSNKE4JM5ZQDS00GEPD6,3U5YKSQWQD5T7U947QR2ZMO5ZFABLR,Answer a survey about your opinions on Alternatives to College,This survey asks your opinion on alternatives to college. It's designed to take about 15 minutes.,A1Z27X99F97JSR,1
3GKAWYFRAPTSNKE4JM5ZQDS00GEPD6,3U5YKSQWQD5T7U947QR2ZMO5ZFABLR,Answer a survey about your opinions on Alternatives to College,This survey asks your opinion on alternatives to college. It's designed to take about 15 minutes.,A55CXM7QR7R0N,1
3GKAWYFRAPTSNKE4JM5ZQDS00GEPD6,3U5YKSQWQD5T7U947QR2ZMO5ZFABLR,Answer a survey about your opinions on Alternatives to College,This survey asks your opinion on alternatives to college. It's designed to take about 15 minutes.,A183WYXN12P2TJ,1
3GKAWYFRAPTSNKE4JM5ZQDS00GEPD6,3U5YKSQWQD5T7U947QR2ZMO5ZFABLR,Answer a survey about your opinions on Alternatives to College,This survey asks your opinion on alternatives to college. It's designed to take about 15 minutes.,A7N3J27F3IL6M,1
3GKAWYFRAPTSNKE4JM5ZQDS00GEPD6,3U5YKSQWQD5T7U947QR2ZMO5ZFABLR,Answer a survey about your opinions on Alternatives to College,This survey asks your opinion on alternatives to college. It's designed to take about 15 minutes.,A348NEQKS6VNIB,1
3GKAWYFRAPTSNKE4JM5ZQDS00GEPD6,3U5YKSQWQD5T7U947QR2ZMO5ZFABLR,Answer a survey about your opinions on Alternatives to College,This survey asks your opinion on alternatives to college. It's designed to take about 15 minutes.,A23CV7TIJ6FVNY,1
3GKAWYFRAPTSNKE4JM5ZQDS00GEPD6,3U5YKSQWQD5T7U947QR2ZMO5ZFABLR,Answer a survey about your opinions on Alternatives to College,This survey asks your opinion on alternatives to college. It's designed to take about 15 minutes.,A12FTSX85NQ8N9,1
3GKAWYFRAPTSNKE4JM5ZQDS00GEPD6,3U5YKSQWQD5T7U947QR2ZMO5ZFABLR,Answer a survey about your opinions on Alternatives to College,This survey asks your opinion on alternatives to college. It's designed to take about 15 minutes.,A1OW526V2AFRQL,1
3GKAWYFRAPTSNKE4JM5ZQDS00GEPD6,3U5YKSQWQD5T7U947QR2ZMO5ZFABLR,Answer a survey about your opinions on Alternatives to College,This survey asks your opinion on alternatives to college. It's designed to take about 15 minutes.,A2FUD7E9EN5DND,1
3GKAWYFRAPTSNKE4JM5ZQDS00GEPD6,3U5YKSQWQD5T7U947QR2ZMO5ZFABLR,Answer a survey about your opinions on Alternatives to College,This survey asks your opinion on alternatives to college. It's designed to take about 15 minutes.,A2N9U74YIPDQ9F,1
3GKAWYFRAPTSNKE4JM5ZQDS00GEPD6,3U5YKSQWQD5T7U947QR2ZMO5ZFABLR,Answer a survey about your opinions on Alternatives to College,This survey asks your opinion on alternatives to college. It's designed to take about 15 minutes.,A32HFMZVTLF1JG,1
3GKAWYFRAPTSNKE4JM5ZQDS00GEPD6,3U5YKSQWQD5T7U947QR2ZMO5ZFABLR,Answer a survey about your opinions on Alternatives to College,This survey asks your opinion on alternatives to college. It's designed to take about 15 minutes.,A387CYTD7EDNHX,1
3GKAWYFRAPTSNKE4JM5ZQDS00GEPD6,3U5YKSQWQD5T7U947QR2ZMO5ZFABLR,Answer a survey about your opinions on Alternatives to College,This survey asks your opinion on alternatives to college. It's designed to take about 15 minutes.,A3QRZPJT2CT2IK,1
3GKAWYFRAPTSNKE4JM5ZQDS00GEPD6,3U5YKSQWQD5T7U947QR2ZMO5ZFABLR,Answer a survey about your opinions on Alternatives to College,This survey asks your opinion on alternatives to college. It's designed to take about 15 minutes.,AEMPODBEKHHV3,1
3GKAWYFRAPTSNKE4JM5ZQDS00GEPD6,3U5YKSQWQD5T7U947QR2ZMO5ZFABLR,Answer a survey about your opinions on Alternatives to College,This survey asks your opinion on alternatives to college. It's designed to take about 15 minutes.,AQO6Q26A6VWCN,1
3GKAWYFRAPTSNKE4JM5ZQDS00GEPD6,3U5YKSQWQD5T7U947QR2ZMO5ZFABLR,Answer a survey about your opinions on Alternatives to College,This survey asks your opinion on alternatives to college. It's designed to take about 15 minutes.,A2JM5ZA5KT2EUJ,1
3GKAWYFRAPTSNKE4JM5ZQDS00GEPD6,3U5YKSQWQD5T7U947QR2ZMO5ZFABLR,Answer a survey about your opinions on Alternatives to College,This survey asks your opinion on alternatives to college. It's designed to take about 15 minutes.,A1Z1UU3QOS0V9F,1
3GKAWYFRAPTSNKE4JM5ZQDS00GEPD6,3U5YKSQWQD5T7U947QR2ZMO5ZFABLR,Answer a survey about your opinions on Alternatives to College,This survey asks your opinion on alternatives to college. It's designed to take about 15 minutes.,A213CX3NWZN0Z,1
3GKAWYFRAPTSNKE4JM5ZQDS00GEPD6,3U5YKSQWQD5T7U947QR2ZMO5ZFABLR,Answer a survey about your opinions on Alternatives to College,This survey asks your opinion on alternatives to college. It's designed to take about 15 minutes.,A3LGTCGKKWRYQW,1
3GKAWYFRAPTSNKE4JM5ZQDS00GEPD6,3U5YKSQWQD5T7U947QR2ZMO5ZFABLR,Answer a survey about your opinions on Alternatives to College,This survey asks your opinion on alternatives to college. It's designed to take about 15 minutes.,A30OGUUF0L3NLZ,1
3GKAWYFRAPTSNKE4JM5ZQDS00GEPD6,3U5YKSQWQD5T7U947QR2ZMO5ZFABLR,Answer a survey about your opinions on Alternatives to College,This survey asks your opinion on alternatives to college. It's designed to take about 15 minutes.,A1P3HHEXWNLJMP,1
3GKAWYFRAPTSNKE4JM5ZQDS00GEPD6,3U5YKSQWQD5T7U947QR2ZMO5ZFABLR,Answer a survey about your opinions on Alternatives to College,This survey asks your opinion on alternatives to college. It's designed to take about 15 minutes.,A3K9GTQBOI7O5A,1
3GKAWYFRAPTSNKE4JM5ZQDS00GEPD6,3U5YKSQWQD5T7U947QR2ZMO5ZFABLR,Answer a survey about your opinions on Alternatives to College,This survey asks your opinion on alternatives to college. It's designed to take about 15 minutes.,ARB8SJAWXUWTD,1
3GKAWYFRAPTSNKE4JM5ZQDS00GEPD6,3U5YKSQWQD5T7U947QR2ZMO5ZFABLR,Answer a survey about your opinions on Alternatives to College,This survey asks your opinion on alternatives to college. It's designed to take about 15 minutes.,A1B5O1E2T429ET,1
3GKAWYFRAPTSNKE4JM5ZQDS00GEPD6,3U5YKSQWQD5T7U947QR2ZMO5ZFABLR,Answer a survey about your opinions on Alternatives to College,This survey asks your opinion on alternatives to college. It's designed to take about 15 minutes.,A17W9OQEPJHLOQ,1
3GKAWYFRAPTSNKE4JM5ZQDS00GEPD6,3U5YKSQWQD5T7U947QR2ZMO5ZFABLR,Answer a survey about your opinions on Alternatives to College,This survey asks your opinion on alternatives to college. It's designed to take about 15 minutes.,A2D80MB93RM5TH,1
3GKAWYFRAPTSNKE4JM5ZQDS00GEPD6,3U5YKSQWQD5T7U947QR2ZMO5ZFABLR,Answer a survey about your opinions on Alternatives to College,This survey asks your opinion on alternatives to college. It's designed to take about 15 minutes.,A1ROEDVMTO9Y3X,1
3GKAWYFRAPTSNKE4JM5ZQDS00GEPD6,3U5YKSQWQD5T7U947QR2ZMO5ZFABLR,Answer a survey about your opinions on Alternatives to College,This survey asks your opinion on alternatives to college. It's designed to take about 15 minutes.,A3AGU4FBSDDVYS,1
3GKAWYFRAPTSNKE4JM5ZQDS00GEPD6,3U5YKSQWQD5T7U947QR2ZMO5ZFABLR,Answer a survey about your opinions on Alternatives to College,This survey asks your opinion on alternatives to college. It's designed to take about 15 minutes.,A1GKD3NG1NNHRP,1
3GKAWYFRAPTSNKE4JM5ZQDS00GEPD6,3U5YKSQWQD5T7U947QR2ZMO5ZFABLR,Answer a survey about your opinions on Alternatives to College,This survey asks your opinion on alternatives to college. It's designed to take about 15 minutes.,ARWF605I7RWM7,1
3GKAWYFRAPTSNKE4JM5ZQDS00GEPD6,3U5YKSQWQD5T7U947QR2ZMO5ZFABLR,Answer a survey about your opinions on Alternatives to College,This survey asks your opinion on alternatives to college. It's designed to take about 15 minutes.,AUQ79MANVDU9B,1
3GKAWYFRAPTSNKE4JM5ZQDS00GEPD6,3U5YKSQWQD5T7U947QR2ZMO5ZFABLR,Answer a survey about your opinions on Alternatives to College,This survey asks your opinion on alternatives to college. It's designed to take about 15 minutes.,A3J85WP15JFYW0,1
3GKAWYFRAPTSNKE4JM5ZQDS00GEPD6,3U5YKSQWQD5T7U947QR2ZMO5ZFABLR,Answer a survey about your opinions on Alternatives to College,This survey asks your opinion on alternatives to college. It's designed to take about 15 minutes.,A2WWC9Z7JFLRYG,1
3GKAWYFRAPTSNKE4JM5ZQDS00GEPD6,3U5YKSQWQD5T7U947QR2ZMO5ZFABLR,Answer a survey about your opinions on Alternatives to College,This survey asks your opinion on alternatives to college. It's designed to take about 15 minutes.,A3B194B8KSPTNP,1
3GKAWYFRAPTSNKE4JM5ZQDS00GEPD6,3U5YKSQWQD5T7U947QR2ZMO5ZFABLR,Answer a survey about your opinions on Alternatives to College,This survey asks your opinion on alternatives to college. It's designed to take about 15 minutes.,A1ZBWUHO53QF5C,1
3GKAWYFRAPTSNKE4JM5ZQDS00GEPD6,3U5YKSQWQD5T7U947QR2ZMO5ZFABLR,Answer a survey about your opinions on Alternatives to College,This survey asks your opinion on alternatives to college. It's designed to take about 15 minutes.,A2RS9H7YA510V4,1
3GKAWYFRAPTSNKE4JM5ZQDS00GEPD6,3U5YKSQWQD5T7U947QR2ZMO5ZFABLR,Answer a survey about your opinions on Alternatives to College,This survey asks your opinion on alternatives to college. It's designed to take about 15 minutes.,A1L3937MY09J3I,1
3GKAWYFRAPTSNKE4JM5ZQDS00GEPD6,3U5YKSQWQD5T7U947QR2ZMO5ZFABLR,Answer a survey about your opinions on Alternatives to College,This survey asks your opinion on alternatives to college. It's designed to take about 15 minutes.,A2MR5P2TUNMA13,1
3GKAWYFRAPTSNKE4JM5ZQDS00GEPD6,3U5YKSQWQD5T7U947QR2ZMO5ZFABLR,Answer a survey about your opinions on Alternatives to College,This survey asks your opinion on alternatives to college. It's designed to take about 15 minutes.,A19H44LQJ0TEXF,1
3GKAWYFRAPTSNKE4JM5ZQDS00GEPD6,3U5YKSQWQD5T7U947QR2ZMO5ZFABLR,Answer a survey about your opinions on Alternatives to College,This survey asks your opinion on alternatives to college. It's designed to take about 15 minutes.,A3KM7KZIA1585I,1
3GKAWYFRAPTSNKE4JM5ZQDS00GEPD6,3U5YKSQWQD5T7U947QR2ZMO5ZFABLR,Answer a survey about your opinions on Alternatives to College,This survey asks your opinion on alternatives to college. It's designed to take about 15 minutes.,A2WXVQAHHD2XR5,1
3GKAWYFRAPTSNKE4JM5ZQDS00GEPD6,3U5YKSQWQD5T7U947QR2ZMO5ZFABLR,Answer a survey about your opinions on Alternatives to College,This survey asks your opinion on alternatives to college. It's designed to take about 15 minutes.,A1H6DME332958N,1
3GKAWYFRAPTSNKE4JM5ZQDS00GEPD6,3U5YKSQWQD5T7U947QR2ZMO5ZFABLR,Answer a survey about your opinions on Alternatives to College,This survey asks your opinion on alternatives to college. It's designed to take about 15 minutes.,A2SM1GBN4ARGM4,1
3GKAWYFRAPTSNKE4JM5ZQDS00GEPD6,3U5YKSQWQD5T7U947QR2ZMO5ZFABLR,Answer a survey about your opinions on Alternatives to College,This survey asks your opinion on alternatives to college. It's designed to take about 15 minutes.,A2POU9TTW177VH,1
3GKAWYFRAPTSNKE4JM5ZQDS00GEPD6,3U5YKSQWQD5T7U947QR2ZMO5ZFABLR,Answer a survey about your opinions on Alternatives to College,This survey asks your opinion on alternatives to college. It's designed to take about 15 minutes.,A1ZZ8HZHV5AHZ0,1
3GKAWYFRAPTSNKE4JM5ZQDS00GEPD6,3U5YKSQWQD5T7U947QR2ZMO5ZFABLR,Answer a survey about your opinions on Alternatives to College,This survey asks your opinion on alternatives to college. It's designed to take about 15 minutes.,A34CPKFZXBX1PO,1
3GKAWYFRAPTSNKE4JM5ZQDS00GEPD6,3U5YKSQWQD5T7U947QR2ZMO5ZFABLR,Answer a survey about your opinions on Alternatives to College,This survey asks your opinion on alternatives to college. It's designed to take about 15 minutes.,AXKF80TGOHSHZ,1
3GKAWYFRAPTSNKE4JM5ZQDS00GEPD6,3U5YKSQWQD5T7U947QR2ZMO5ZFABLR,Answer a survey about your opinions on Alternatives to College,This survey asks your opinion on alternatives to college. It's designed to take about 15 minutes.,AB055HWUKOMZV,1
3GKAWYFRAPTSNKE4JM5ZQDS00GEPD6,3U5YKSQWQD5T7U947QR2ZMO5ZFABLR,Answer a survey about your opinions on Alternatives to College,This survey asks your opinion on alternatives to college. It's designed to take about 15 minutes.,A2D9ZZDR43R34Q,1
3GKAWYFRAPTSNKE4JM5ZQDS00GEPD6,3U5YKSQWQD5T7U947QR2ZMO5ZFABLR,Answer a survey about your opinions on Alternatives to College,This survey asks your opinion on alternatives to college. It's designed to take about 15 minutes.,A17K1CHOI773VZ,1
3GKAWYFRAPTSNKE4JM5ZQDS00GEPD6,3U5YKSQWQD5T7U947QR2ZMO5ZFABLR,Answer a survey about your opinions on Alternatives to College,This survey asks your opinion on alternatives to college. It's designed to take about 15 minutes.,A1WTUFTRMUN5IR,1
3GKAWYFRAPTSNKE4JM5ZQDS00GEPD6,3U5YKSQWQD5T7U947QR2ZMO5ZFABLR,Answer a survey about your opinions on Alternatives to College,This survey asks your opinion on alternatives to college. It's designed to take about 15 minutes.,A1U43WUOJQBK5T,1
3GKAWYFRAPTSNKE4JM5ZQDS00GEPD6,3U5YKSQWQD5T7U947QR2ZMO5ZFABLR,Answer a survey about your opinions on Alternatives to College,This survey asks your opinion on alternatives to college. It's designed to take about 15 minutes.,A3R168GJZRF7KU,1
3GKAWYFRAPTSNKE4JM5ZQDS00GEPD6,3U5YKSQWQD5T7U947QR2ZMO5ZFABLR,Answer a survey about your opinions on Alternatives to College,This survey asks your opinion on alternatives to college. It's designed to take about 15 minutes.,A2J18K5IUQ2K4G,1
3GKAWYFRAPTSNKE4JM5ZQDS00GEPD6,3U5YKSQWQD5T7U947QR2ZMO5ZFABLR,Answer a survey about your opinions on Alternatives to College,This survey asks your opinion on alternatives to college. It's designed to take about 15 minutes.,AV22FQTJNBUZT,1
3GKAWYFRAPTSNKE4JM5ZQDS00GEPD6,3U5YKSQWQD5T7U947QR2ZMO5ZFABLR,Answer a survey about your opinions on Alternatives to College,This survey asks your opinion on alternatives to college. It's designed to take about 15 minutes.,A9SKB47DH05D8,1
3GKAWYFRAPTSNKE4JM5ZQDS00GEPD6,3U5YKSQWQD5T7U947QR2ZMO5ZFABLR,Answer a survey about your opinions on Alternatives to College,This survey asks your opinion on alternatives to college. It's designed to take about 15 minutes.,AKSJ3C5O3V9RB,1
3GKAWYFRAPTSNKE4JM5ZQDS00GEPD6,3U5YKSQWQD5T7U947QR2ZMO5ZFABLR,Answer a survey about your opinions on Alternatives to College,This survey asks your opinion on alternatives to college. It's designed to take about 15 minutes.,A1N7GHHBH8GMVZ,1
3GKAWYFRAPTSNKE4JM5ZQDS00GEPD6,3U5YKSQWQD5T7U947QR2ZMO5ZFABLR,Answer a survey about your opinions on Alternatives to College,This survey asks your opinion on alternatives to college. It's designed to take about 15 minutes.,A15NWQM4OK7PTM,1
3GKAWYFRAPTSNKE4JM5ZQDS00GEPD6,3U5YKSQWQD5T7U947QR2ZMO5ZFABLR,Answer a survey about your opinions on Alternatives to College,This survey asks your opinion on alternatives to college. It's designed to take about 15 minutes.,AQQTUAAPAU3YD,1
3GKAWYFRAPTSNKE4JM5ZQDS00GEPD6,3U5YKSQWQD5T7U947QR2ZMO5ZFABLR,Answer a survey about your opinions on Alternatives to College,This survey asks your opinion on alternatives to college. It's designed to take about 15 minutes.,A38DXFI1TZA295,1
3GKAWYFRAPTSNKE4JM5ZQDS00GEPD6,3U5YKSQWQD5T7U947QR2ZMO5ZFABLR,Answer a survey about your opinions on Alternatives to College,This survey asks your opinion on alternatives to college. It's designed to take about 15 minutes.,A2PMT4061B1NDP,1
3GKAWYFRAPTSNKE4JM5ZQDS00GEPD6,3U5YKSQWQD5T7U947QR2ZMO5ZFABLR,Answer a survey about your opinions on Alternatives to College,This survey asks your opinion on alternatives to college. It's designed to take about 15 minutes.,A1DKV6RFI7K8J,1
3GKAWYFRAPTSNKE4JM5ZQDS00GEPD6,3U5YKSQWQD5T7U947QR2ZMO5ZFABLR,Answer a survey about your opinions on Alternatives to College,This survey asks your opinion on alternatives to college. It's designed to take about 15 minutes.,A23QZ2H4FC58NO,1
3GKAWYFRAPTSNKE4JM5ZQDS00GEPD6,3U5YKSQWQD5T7U947QR2ZMO5ZFABLR,Answer a survey about your opinions on Alternatives to College,This survey asks your opinion on alternatives to college. It's designed to take about 15 minutes.,A3FXP34A4ZTLKB,1
3GKAWYFRAPTSNKE4JM5ZQDS00GEPD6,3U5YKSQWQD5T7U947QR2ZMO5ZFABLR,Answer a survey about your opinions on Alternatives to College,This survey asks your opinion on alternatives to college. It's designed to take about 15 minutes.,AOIR8V07FYMH5,1
3GKAWYFRAPTSNKE4JM5ZQDS00GEPD6,3U5YKSQWQD5T7U947QR2ZMO5ZFABLR,Answer a survey about your opinions on Alternatives to College,This survey asks your opinion on alternatives to college. It's designed to take about 15 minutes.,A11TPUPFP2S4MK,1
3GKAWYFRAPTSNKE4JM5ZQDS00GEPD6,3U5YKSQWQD5T7U947QR2ZMO5ZFABLR,Answer a survey about your opinions on Alternatives to College,This survey asks your opinion on alternatives to college. It's designed to take about 15 minutes.,AV7OKGJ2PJO30,1
3GKAWYFRAPTSNKE4JM5ZQDS00GEPD6,3U5YKSQWQD5T7U947QR2ZMO5ZFABLR,Answer a survey about your opinions on Alternatives to College,This survey asks your opinion on alternatives to college. It's designed to take about 15 minutes.,A2EKR2ZFO10VMV,1
3GKAWYFRAPTSNKE4JM5ZQDS00GEPD6,3U5YKSQWQD5T7U947QR2ZMO5ZFABLR,Answer a survey about your opinions on Alternatives to College,This survey asks your opinion on alternatives to college. It's designed to take about 15 minutes.,A23BWWRR7J5XLS,1
3GKAWYFRAPTSNKE4JM5ZQDS00GEPD6,3U5YKSQWQD5T7U947QR2ZMO5ZFABLR,Answer a survey about your opinions on Alternatives to College,This survey asks your opinion on alternatives to college. It's designed to take about 15 minutes.,A171RZ3O028XF6,1
3GKAWYFRAPTSNKE4JM5ZQDS00GEPD6,3U5YKSQWQD5T7U947QR2ZMO5ZFABLR,Answer a survey about your opinions on Alternatives to College,This survey asks your opinion on alternatives to college. It's designed to take about 15 minutes.,A214HI0BN2GXHD,1
3GKAWYFRAPTSNKE4JM5ZQDS00GEPD6,3U5YKSQWQD5T7U947QR2ZMO5ZFABLR,Answer a survey about your opinions on Alternatives to College,This survey asks your opinion on alternatives to college. It's designed to take about 15 minutes.,A31R0K15KDEZKN,1
3GKAWYFRAPTSNKE4JM5ZQDS00GEPD6,3U5YKSQWQD5T7U947QR2ZMO5ZFABLR,Answer a survey about your opinions on Alternatives to College,This survey asks your opinion on alternatives to college. It's designed to take about 15 minutes.,A3PYD7EU2WFST6,1
3GKAWYFRAPTSNKE4JM5ZQDS00GEPD6,3U5YKSQWQD5T7U947QR2ZMO5ZFABLR,Answer a survey about your opinions on Alternatives to College,This survey asks your opinion on alternatives to college. It's designed to take about 15 minutes.,A15SUPIZ05ZFCD,1
3GKAWYFRAPTSNKE4JM5ZQDS00GEPD6,3U5YKSQWQD5T7U947QR2ZMO5ZFABLR,Answer a survey about your opinions on Alternatives to College,This survey asks your opinion on alternatives to college. It's designed to take about 15 minutes.,ADEWILWI6SVLG,1
3GKAWYFRAPTSNKE4JM5ZQDS00GEPD6,3U5YKSQWQD5T7U947QR2ZMO5ZFABLR,Answer a survey about your opinions on Alternatives to College,This survey asks your opinion on alternatives to college. It's designed to take about 15 minutes.,A4J4GGMKJ68L0,1
3GKAWYFRAPTSNKE4JM5ZQDS00GEPD6,3U5YKSQWQD5T7U947QR2ZMO5ZFABLR,Answer a survey about your opinions on Alternatives to College,This survey asks your opinion on alternatives to college. It's designed to take about 15 minutes.,AEWEY1KQPMINN,1
3GKAWYFRAPTSNKE4JM5ZQDS00GEPD6,3U5YKSQWQD5T7U947QR2ZMO5ZFABLR,Answer a survey about your opinions on Alternatives to College,This survey asks your opinion on alternatives to college. It's designed to take about 15 minutes.,A2C73Y1COWCA51,1
3GKAWYFRAPTSNKE4JM5ZQDS00GEPD6,3U5YKSQWQD5T7U947QR2ZMO5ZFABLR,Answer a survey about your opinions on Alternatives to College,This survey asks your opinion on alternatives to college. It's designed to take about 15 minutes.,A3I1W58P6SIV26,1
3GKAWYFRAPTSNKE4JM5ZQDS00GEPD6,3U5YKSQWQD5T7U947QR2ZMO5ZFABLR,Answer a survey about your opinions on Alternatives to College,This survey asks your opinion on alternatives to college. It's designed to take about 15 minutes.,A3LT7W355XOAKF,1
3GKAWYFRAPTSNKE4JM5ZQDS00GEPD6,3U5YKSQWQD5T7U947QR2ZMO5ZFABLR,Answer a survey about your opinions on Alternatives to College,This survey asks your opinion on alternatives to college. It's designed to take about 15 minutes.,A2R8IV2PWFTY00,1
3GKAWYFRAPTSNKE4JM5ZQDS00GEPD6,3U5YKSQWQD5T7U947QR2ZMO5ZFABLR,Answer a survey about your opinions on Alternatives to College,This survey asks your opinion on alternatives to college. It's designed to take about 15 minutes.,A2I6ZALE49CVSC,1
3GKAWYFRAPTSNKE4JM5ZQDS00GEPD6,3U5YKSQWQD5T7U947QR2ZMO5ZFABLR,Answer a survey about your opinions on Alternatives to College,This survey asks your opinion on alternatives to college. It's designed to take about 15 minutes.,A2B227N1NQYS56,1
3GKAWYFRAPTSNKE4JM5ZQDS00GEPD6,3U5YKSQWQD5T7U947QR2ZMO5ZFABLR,Answer a survey about your opinions on Alternatives to College,This survey asks your opinion on alternatives to college. It's designed to take about 15 minutes.,A2NT3OQZUUZPEO,1
3GKAWYFRAPTSNKE4JM5ZQDS00GEPD6,3U5YKSQWQD5T7U947QR2ZMO5ZFABLR,Answer a survey about your opinions on Alternatives to College,This survey asks your opinion on alternatives to college. It's designed to take about 15 minutes.,A1YZ0ETOCJO1B2,1
3GKAWYFRAPTSNKE4JM5ZQDS00GEPD6,3U5YKSQWQD5T7U947QR2ZMO5ZFABLR,Answer a survey about your opinions on Alternatives to College,This survey asks your opinion on alternatives to college. It's designed to take about 15 minutes.,A2NHP55T9ZX86Q,1
3GKAWYFRAPTSNKE4JM5ZQDS00GEPD6,3U5YKSQWQD5T7U947QR2ZMO5ZFABLR,Answer a survey about your opinions on Alternatives to College,This survey asks your opinion on alternatives to college. It's designed to take about 15 minutes.,A2PIFMM4Q2I9ZS,1
3GKAWYFRAPTSNKE4JM5ZQDS00GEPD6,3U5YKSQWQD5T7U947QR2ZMO5ZFABLR,Answer a survey about your opinions on Alternatives to College,This survey asks your opinion on alternatives to college. It's designed to take about 15 minutes.,A2HFV4W06Q4NW2,1
3GKAWYFRAPTSNKE4JM5ZQDS00GEPD6,3U5YKSQWQD5T7U947QR2ZMO5ZFABLR,Answer a survey about your opinions on Alternatives to College,This survey asks your opinion on alternatives to college. It's designed to take about 15 minutes.,A598UDLZZZAJ3,1
3GKAWYFRAPTSNKE4JM5ZQDS00GEPD6,3U5YKSQWQD5T7U947QR2ZMO5ZFABLR,Answer a survey about your opinions on Alternatives to College,This survey asks your opinion on alternatives to college. It's designed to take about 15 minutes.,A3VUMA66W3XFSG,1
3GKAWYFRAPTSNKE4JM5ZQDS00GEPD6,3U5YKSQWQD5T7U947QR2ZMO5ZFABLR,Answer a survey about your opinions on Alternatives to College,This survey asks your opinion on alternatives to college. It's designed to take about 15 minutes.,A1PBFDQR599N3K,1
3GKAWYFRAPTSNKE4JM5ZQDS00GEPD6,3U5YKSQWQD5T7U947QR2ZMO5ZFABLR,Answer a survey about your opinions on Alternatives to College,This survey asks your opinion on alternatives to college. It's designed to take about 15 minutes.,A2TQKI3RBQIM8F,1
3GKAWYFRAPTSNKE4JM5ZQDS00GEPD6,3U5YKSQWQD5T7U947QR2ZMO5ZFABLR,Answer a survey about your opinions on Alternatives to College,This survey asks your opinion on alternatives to college. It's designed to take about 15 minutes.,A1B5SSGMTAQ9B5,1
3GKAWYFRAPTSNKE4JM5ZQDS00GEPD6,3U5YKSQWQD5T7U947QR2ZMO5ZFABLR,Answer a survey about your opinions on Alternatives to College,This survey asks your opinion on alternatives to college. It's designed to take about 15 minutes.,AD66HP7KFSKJG,1
3GKAWYFRAPTSNKE4JM5ZQDS00GEPD6,3U5YKSQWQD5T7U947QR2ZMO5ZFABLR,Answer a survey about your opinions on Alternatives to College,This survey asks your opinion on alternatives to college. It's designed to take about 15 minutes.,AURYD2FH3FUOQ,1
